,mean_fit_time,std_fit_time,mean_score_time,std_score_time,param_gamma,param_learning_rate,param_max_depth,param_min_child_weight,param_n_estimators,params,split0_test_score,split1_test_score,split2_test_score,split3_test_score,split4_test_score,split5_test_score,split6_test_score,split7_test_score,split8_test_score,split9_test_score,mean_test_score,std_test_score,rank_test_score,split0_train_score,split1_train_score,split2_train_score,split3_train_score,split4_train_score,split5_train_score,split6_train_score,split7_train_score,split8_train_score,split9_train_score,mean_train_score,std_train_score
0,1.7010921478271483,0.8832097570910531,0.035440373420715335,0.026388885552417602,0.1,0.01,2,5,100,"{'gamma': 0.1, 'learning_rate': 0.01, 'max_depth': 2, 'min_child_weight': 5, 'n_estimators': 100}",-69.67099198586115,-18.449869994970253,-73.50594976131663,-214.0898106259971,-449.4047853330725,-324.19424886325913,-824.7495652726503,-287.5566816381564,-1749.3379052284681,-1447.681374279039,-545.864118298279,574.690124396423,106,-0.13224010448708118,-4.228591892180874,-6.533852018442602,-10.615008125081038,-22.085800080092405,-45.037689483865314,-67.83113329253575,-109.91694336167787,-123.774762734659,-190.02328865939873,-58.017930975242066,60.94298991184466
1,5.496318244934082,2.2948225553437838,0.030892705917358397,0.012812143025032767,0.1,0.01,2,5,300,"{'gamma': 0.1, 'learning_rate': 0.01, 'max_depth': 2, 'min_child_weight': 5, 'n_estimators': 300}",-63.00706754987612,-0.4587541441733265,-31.592600289203816,-86.75073850948964,-191.16568382232998,-50.08165230588851,-108.67569499677651,-21.006082479692505,-275.88690030861045,-115.81873153904407,-94.44439059450848,80.08006492518794,76,-0.01226337932711082,-0.17890820090812473,-0.2482438310382438,-0.39732243371106124,-0.8419228502138935,-1.8997195543847467,-2.7604454940311753,-4.144183932439431,-4.8173153080900235,-6.920261110616013,-2.222058609475982,2.2601954094819554
2,2.0590161323547362,0.7802124817662415,0.0457878828048706,0.043615241105245804,0.1,0.01,2,10,100,"{'gamma': 0.1, 'learning_rate': 0.01, 'max_depth': 2, 'min_child_weight': 10, 'n_estimators': 100}",-69.67099198586115,-18.449869994970253,-73.50594976131663,-214.0898106259971,-449.4047853330725,-324.19424886325913,-824.7495652726503,-287.5566816381564,-1749.3379052284681,-1447.681374279039,-545.864118298279,574.690124396423,106,-0.13224010448708118,-4.228591892180874,-6.533852018442602,-10.615008125081038,-22.085800080092405,-45.037689483865314,-67.83113329253575,-109.91694336167787,-123.774762734659,-190.02328865939873,-58.017930975242066,60.94298991184466
3,5.353718662261963,2.2490107661138516,0.02963848114013672,0.010599677036539636,0.1,0.01,2,10,300,"{'gamma': 0.1, 'learning_rate': 0.01, 'max_depth': 2, 'min_child_weight': 10, 'n_estimators': 300}",-63.00706754987612,-0.4587541441733265,-31.592600289203816,-86.75073850948964,-191.16568382232998,-50.08165230588851,-108.67569499677651,-21.006082479692505,-275.88690030861045,-115.81873153904407,-94.44439059450848,80.08006492518794,76,-0.01226337932711082,-0.17890820090812473,-0.2482438310382438,-0.39732243371106124,-0.8419228502138935,-1.8997195543847467,-2.7604454940311753,-4.144183932439431,-4.8173153080900235,-6.920261110616013,-2.222058609475982,2.2601954094819554
4,2.123773717880249,0.9897451760836268,0.035108327865600586,0.01010693402577658,0.1,0.01,2,15,100,"{'gamma': 0.1, 'learning_rate': 0.01, 'max_depth': 2, 'min_child_weight': 15, 'n_estimators': 100}",-69.67099198586115,-18.449869994970253,-73.50594976131663,-214.0898106259971,-449.4047853330725,-324.19424886325913,-824.7495652726503,-287.5566816381564,-1749.3379052284681,-1447.681374279039,-545.864118298279,574.690124396423,106,-0.13224010448708118,-4.228591892180874,-6.533852018442602,-10.615008125081038,-22.085800080092405,-45.037689483865314,-67.83113329253575,-109.91694336167787,-123.774762734659,-190.02328865939873,-58.017930975242066,60.94298991184466
5,5.218475127220154,2.1924490161270245,0.06123685836791992,0.05413113729983303,0.1,0.01,2,15,300,"{'gamma': 0.1, 'learning_rate': 0.01, 'max_depth': 2, 'min_child_weight': 15, 'n_estimators': 300}",-63.00706754987612,-0.4587541441733265,-31.592600289203816,-86.75073850948964,-191.16568382232998,-50.08165230588851,-108.67569499677651,-21.006082479692505,-275.88690030861045,-115.81873153904407,-94.44439059450848,80.08006492518794,76,-0.01226337932711082,-0.17890820090812473,-0.2482438310382438,-0.39732243371106124,-0.8419228502138935,-1.8997195543847467,-2.7604454940311753,-4.144183932439431,-4.8173153080900235,-6.920261110616013,-2.222058609475982,2.2601954094819554
6,3.2488115787506104,1.3138052706168564,0.05146260261535644,0.03724406603359697,0.1,0.01,3,5,100,"{'gamma': 0.1, 'learning_rate': 0.01, 'max_depth': 3, 'min_child_weight': 5, 'n_estimators': 100}",-68.5099026595725,-16.135515012475928,-65.75586753312798,-193.13506857836796,-394.28003813942604,-270.70488789034846,-601.8888571758143,-247.6122866802795,-1249.7343503373372,-1070.5381646785765,-417.8294938685326,407.55023311604975,91,-0.11909290689362602,-3.8210440774538896,-6.023060892312402,-9.54598437143349,-19.85774203674229,-38.714732510440825,-56.93656754836604,-94.01726307630878,-105.6622548456177,-165.9860380760906,-50.06837803416596,52.69122194382371
7,9.574893522262574,3.4533954180158606,0.040567445755004886,0.008837771390208075,0.1,0.01,3,5,300,"{'gamma': 0.1, 'learning_rate': 0.01, 'max_depth': 3, 'min_child_weight': 5, 'n_estimators': 300}",-63.259149211201375,-0.2941988928698808,-26.9459257971529,-73.50786770501743,-163.82915839299852,-29.967260840954083,-56.08168577155988,-12.60361478301122,-128.68402169302175,-54.19552216459281,-60.936840525238,48.51502779548232,63,-0.010524826810577037,-0.11837448717608029,-0.18275866163202217,-0.2663783898600628,-0.5574208264184043,-1.1458129829179144,-1.5958049547058104,-2.5269464632408596,-2.8817093258689495,-4.196706315052418,-1.3482437233683098,1.3569495154521178
8,3.713862681388855,1.4893684083873502,0.04388039112091065,0.030699301070184492,0.1,0.01,3,10,100,"{'gamma': 0.1, 'learning_rate': 0.01, 'max_depth': 3, 'min_child_weight': 10, 'n_estimators': 100}",-68.5099026595725,-16.135515012475928,-65.75586753312798,-193.13506857836796,-394.28003813942604,-270.70488789034846,-601.8888571758143,-247.6122866802795,-1249.7343503373372,-1070.5381646785765,-417.8294938685326,407.55023311604975,91,-0.11909290689362602,-3.8210440774538896,-6.023060892312402,-9.54598437143349,-19.85774203674229,-38.714732510440825,-56.93656754836604,-94.01726307630878,-105.6622548456177,-165.9860380760906,-50.06837803416596,52.69122194382371
9,9.382651376724244,3.4177112232383373,0.05721933841705322,0.04374741373338619,0.1,0.01,3,10,300,"{'gamma': 0.1, 'learning_rate': 0.01, 'max_depth': 3, 'min_child_weight': 10, 'n_estimators': 300}",-63.22878569670465,-0.2941988928698808,-26.9459257971529,-73.50786770501743,-163.82915839299852,-29.967260840954083,-56.08168577155988,-12.60361478301122,-128.68402169302175,-54.19552216459281,-60.93380417378832,48.51488330688432,62,-0.010555549022836426,-0.11837448717608029,-0.18275866163202217,-0.2663783898600628,-0.5574208264184043,-1.1458129829179144,-1.5958049547058104,-2.5269464632408596,-2.8817093258689495,-4.196706315052418,-1.3482467955895359,1.3569464867981742
10,3.5158068180084228,1.2442896705526947,0.03372657299041748,0.007242173480126206,0.1,0.01,3,15,100,"{'gamma': 0.1, 'learning_rate': 0.01, 'max_depth': 3, 'min_child_weight': 15, 'n_estimators': 100}",-68.5099026595725,-16.135515012475928,-65.75586753312798,-193.13506857836796,-394.28003813942604,-270.70488789034846,-601.8888571758143,-247.6122866802795,-1249.7343503373372,-1070.5381646785765,-417.8294938685326,407.55023311604975,91,-0.11909290689362602,-3.8210440774538896,-6.023060892312402,-9.54598437143349,-19.85774203674229,-38.714732510440825,-56.93656754836604,-94.01726307630878,-105.6622548456177,-165.9860380760906,-50.06837803416596,52.69122194382371
11,9.89500732421875,3.4245230693574085,0.058368897438049315,0.03471969786900938,0.1,0.01,3,15,300,"{'gamma': 0.1, 'learning_rate': 0.01, 'max_depth': 3, 'min_child_weight': 15, 'n_estimators': 300}",-63.168520653959945,-0.2944771787231144,-26.9459257971529,-73.50786770501743,-163.82915839299852,-29.967260840954083,-56.08168577155988,-12.60361478301122,-128.68402169302175,-54.19552216459281,-60.92780549809917,48.51456681277285,61,-0.010597560879378892,-0.11838549780313157,-0.18275866163202217,-0.2663783898600628,-0.5574208264184043,-1.1458129829179144,-1.5958049547058104,-2.5269464632408596,-2.8817093258689495,-4.196706315052418,-1.3482520978378951,1.3569413473259648
12,2.227924346923828,0.8365736722090537,0.04567794799804688,0.020228414564446028,0.1,0.08499999999999999,2,5,100,"{'gamma': 0.1, 'learning_rate': 0.08499999999999999, 'max_depth': 2, 'min_child_weight': 5, 'n_estimators': 100}",-61.9828504995674,-1.4210814118443909,-22.505071093136586,-56.3546854552213,-133.30545591074426,-15.460175205958386,-23.54540247968052,-3.862002580741447,-48.974551290985175,-11.083047404717831,-37.849432333259735,37.81590934429249,6,-0.007586921439191465,-0.03306236586858001,-0.059161459158717664,-0.07494208665062957,-0.15252307819616406,-0.3409075568165972,-0.41972436563626575,-0.6848946870186219,-0.7601644890780423,-0.9466373387375365,-0.34796043486003464,0.32530067051495765
13,5.5812162399292,2.6437782208109795,0.036157417297363284,0.015033683041540076,0.1,0.08499999999999999,2,5,300,"{'gamma': 0.1, 'learning_rate': 0.08499999999999999, 'max_depth': 2, 'min_child_weight': 5, 'n_estimators': 300}",-61.9828504995674,-1.444819669687758,-22.357640168343725,-58.17997770905385,-130.7180050906938,-16.43336608449722,-26.893556021549333,-3.7583703507777213,-49.57130403777123,-9.514501920192322,-38.085439155213436,37.237359457040185,19,-0.007586921439191465,-0.029791682911557198,-0.049369151894221974,-0.06635653612694319,-0.11448420824879375,-0.24871741166881992,-0.32859597559710096,-0.5586288308015491,-0.6298263529135726,-0.8152677182691446,-0.28486247898708944,0.2743484002704489
14,2.1663281440734865,0.9320072571969753,0.04429624080657959,0.031005962132241827,0.1,0.08499999999999999,2,10,100,"{'gamma': 0.1, 'learning_rate': 0.08499999999999999, 'max_depth': 2, 'min_child_weight': 10, 'n_estimators': 100}",-61.9828504995674,-1.3463515204384997,-22.365121173549504,-56.207312796227846,-132.20947279327828,-15.350779435302757,-22.127984424873294,-3.8842957736848898,-48.93155953205222,-11.195199854328544,-37.56009278033032,37.59640670411014,1,-0.007586921439191465,-0.0330581029811628,-0.05920796276231662,-0.07509588796077024,-0.15397941333739631,-0.34364392017882706,-0.4228886019719963,-0.6857605793123268,-0.7606049244478182,-0.9465718412995445,-0.34883981556913507,0.3253958286132947
15,5.33016140460968,2.5313622454593045,0.053853416442871095,0.03792251379518773,0.1,0.08499999999999999,2,10,300,"{'gamma': 0.1, 'learning_rate': 0.08499999999999999, 'max_depth': 2, 'min_child_weight': 10, 'n_estimators': 300}",-61.9828504995674,-1.3521674891317166,-22.274870978502392,-58.2740145556173,-125.24282195086114,-14.918088244829333,-26.91430635350905,-3.760245603664441,-51.85945154389271,-10.43821226225886,-37.70170294818343,36.009361061852154,3,-0.007586921439191465,-0.029750541844751687,-0.04835926226075842,-0.06569952348762809,-0.11684575357813978,-0.24885613252830413,-0.332980343680565,-0.5632789380564668,-0.6349777854214262,-0.8197630624769511,-0.2868098264774183,0.2763961973059586
16,2.3418869018554687,1.0582342634420625,0.045513248443603514,0.027198404341019698,0.1,0.08499999999999999,2,15,100,"{'gamma': 0.1, 'learning_rate': 0.08499999999999999, 'max_depth': 2, 'min_child_weight': 15, 'n_estimators': 100}",-61.9828504995674,-1.328487984167708,-22.530515930773838,-56.0787273317504,-132.96635490562215,-15.179323418488393,-23.80925473843399,-3.837420784410643,-51.11344293438748,-11.12991246447681,-37.99562909920788,37.79938748586641,13,-0.007586921439191465,-0.033095034672937826,-0.05982441455761493,-0.07508530211596427,-0.153511820272808,-0.34433415971040043,-0.4253703849494366,-0.6888634688119132,-0.7630976395355753,-0.947647316256669,-0.34984164623225106,0.3262569555609206
17,5.3776047706604,2.58962045440242,0.05489611625671387,0.027420962391650504,0.1,0.08499999999999999,2,15,300,"{'gamma': 0.1, 'learning_rate': 0.08499999999999999, 'max_depth': 2, 'min_child_weight': 15, 'n_estimators': 300}",-61.9828504995674,-1.3560302121653398,-22.25917132135548,-58.11400778376496,-127.29245852695553,-13.985025310458497,-32.12152171073803,-3.739127077145634,-53.02261865193648,-10.390071107972128,-38.42628822020594,36.489314523830544,28,-0.007586921439191465,-0.029204414622706128,-0.04799274020142499,-0.06515339234544566,-0.11681089626312266,-0.2569216719069001,-0.3407078521272239,-0.5743039291091202,-0.6394052526886026,-0.8268282954243198,-0.29049153661280575,0.27958002077624616
18,3.0693864107131956,1.072445387931164,0.03024444580078125,0.012325089592389475,0.1,0.08499999999999999,3,5,100,"{'gamma': 0.1, 'learning_rate': 0.08499999999999999, 'max_depth': 3, 'min_child_weight': 5, 'n_estimators': 100}",-62.77467987699959,-0.672033813064043,-23.376658297027603,-60.38877941845883,-131.51445058028753,-16.857418027445316,-25.835174536758306,-3.8746909224006227,-54.98175669731025,-11.550200346800382,-39.18258425165525,37.68385494367794,44,-0.007093790170051741,-0.02371973279293033,-0.04743081498367772,-0.060289515835401694,-0.11859619156724009,-0.2580581934593071,-0.32188630442091665,-0.5312363287281905,-0.622908597799083,-0.7704070755617957,-0.27616265453185945,0.26303297113088125
19,7.447375559806824,3.6474535918644047,0.030660414695739747,0.012515687626692662,0.1,0.08499999999999999,3,5,300,"{'gamma': 0.1, 'learning_rate': 0.08499999999999999, 'max_depth': 3, 'min_child_weight': 5, 'n_estimators': 300}",-62.77467987699959,-0.672033813064043,-23.32539786264017,-61.63779278364965,-132.856919902652,-17.102182156215513,-25.7075452852229,-3.7987961071719387,-58.32663544116042,-11.6247487107092,-39.78267319394855,38.22784143093099,60,-0.007093790170051741,-0.02371973279293033,-0.04334237670461249,-0.05724010048437994,-0.0781340850495662,-0.14769560339387441,-0.20218090520484888,-0.3530608446169911,-0.43635765470952786,-0.5724816983061612,-0.19213067914329446,0.18660580437987737
20,3.212695026397705,1.2535105495862877,0.03902401924133301,0.024541286985726687,0.1,0.08499999999999999,3,10,100,"{'gamma': 0.1, 'learning_rate': 0.08499999999999999, 'max_depth': 3, 'min_child_weight': 10, 'n_estimators': 100}",-62.674749275647166,-0.8089353888186895,-23.012588542216275,-58.84029025108288,-134.4265744683228,-16.321700286887623,-21.5537109327334,-3.9166752578324324,-56.5431340141898,-11.582540728371269,-38.96808991461024,38.57914348842227,36,-0.007145485682334769,-0.02541662083305917,-0.04799486972845967,-0.06125447906509559,-0.12138946247519981,-0.26087604224171146,-0.3288957475031551,-0.5384896077741946,-0.6319497451579862,-0.7774540043187146,-0.2800866064779911,0.26589434004526225
21,7.33970890045166,3.534275361875632,0.056333303451538086,0.040239723382053845,0.1,0.08499999999999999,3,10,300,"{'gamma': 0.1, 'learning_rate': 0.08499999999999999, 'max_depth': 3, 'min_child_weight': 10, 'n_estimators': 300}",-62.674749275647166,-0.8089353888186895,-23.397035179161637,-59.4352422400894,-131.4451573162877,-16.13457216523183,-21.78065024663962,-3.847075668243466,-62.00389489149142,-11.5627595962561,-39.30900719678671,38.16057951471586,53,-0.007145485682334769,-0.02541662083305917,-0.04390320544200155,-0.05740390788522248,-0.08032690589162103,-0.15392228512913464,-0.20682043694366756,-0.3722181513542388,-0.45927705895124105,-0.5897323865833684,-0.19961664446958893,0.19432883132583612
22,3.1665876865386964,1.060062120300969,0.048650145530700684,0.039433513771511386,0.1,0.08499999999999999,3,15,100,"{'gamma': 0.1, 'learning_rate': 0.08499999999999999, 'max_depth': 3, 'min_child_weight': 15, 'n_estimators': 100}",-62.437952511023106,-0.7804299137085119,-23.323284263070928,-57.92642108426258,-135.26240489108062,-16.194097009890513,-23.175723578738495,-3.793005935386148,-52.91060737230361,-11.62972710424311,-38.74336536637077,38.51301101092838,34,-0.007224088575964668,-0.025499068004854162,-0.048536390442953305,-0.06193927834694755,-0.12357182437111683,-0.27012327152139387,-0.3361727903584267,-0.5435941702797378,-0.6327856426323689,-0.7815792005061134,-0.2831025725039877,0.2671050430937676
23,7.28720326423645,3.449760703217435,0.04231016635894776,0.023571870713801738,0.1,0.08499999999999999,3,15,300,"{'gamma': 0.1, 'learning_rate': 0.08499999999999999, 'max_depth': 3, 'min_child_weight': 15, 'n_estimators': 300}",-62.437952511023106,-0.7804299137085119,-23.08655997312074,-58.72467287434705,-133.0329250802001,-15.890761424777434,-23.45654041474841,-3.692041474009514,-49.04732979338626,-11.788347581661817,-38.19375610409829,37.883736613370424,23,-0.007224088575964668,-0.025499068004854162,-0.04434811593462991,-0.05875917976718978,-0.08224209258920359,-0.16503738583160563,-0.22002921913263782,-0.39152538681116034,-0.4756411080936306,-0.6127193787366009,-0.20830250234774775,0.2023828176423658
24,2.4099194765090943,1.000009780162957,0.03161318302154541,0.01341990449738041,1.1,0.01,2,5,100,"{'gamma': 1.1, 'learning_rate': 0.01, 'max_depth': 2, 'min_child_weight': 5, 'n_estimators': 100}",-69.67099198586115,-18.449869994970253,-73.50594976131663,-214.0898106259971,-449.4047853330725,-324.19424886325913,-824.7495652726503,-287.5566816381564,-1749.3379052284681,-1447.681374279039,-545.864118298279,574.690124396423,106,-0.13224010448708118,-4.228591892180874,-6.533852018442602,-10.615008125081038,-22.085800080092405,-45.037689483865314,-67.83113329253575,-109.91694336167787,-123.774762734659,-190.02328865939873,-58.017930975242066,60.94298991184466
25,6.075110244750976,2.616773131020745,0.04328079223632812,0.029702896476934904,1.1,0.01,2,5,300,"{'gamma': 1.1, 'learning_rate': 0.01, 'max_depth': 2, 'min_child_weight': 5, 'n_estimators': 300}",-63.49402272366818,-0.4587541441733265,-31.592600289203816,-86.75073850948964,-191.16568382232998,-50.08165230588851,-108.67569499677651,-21.006082479692505,-275.88690030861045,-115.81873153904407,-94.49308611188768,80.0610793474687,79,-0.013825584647583421,-0.17890820090812473,-0.2482438310382438,-0.39732243371106124,-0.8419228502138935,-1.8997195543847467,-2.7604454940311753,-4.144183932439431,-4.8173153080900235,-6.920261110616013,-2.2222148300080296,2.2600427159489396
26,2.458996844291687,1.0649654508478943,0.039180970191955565,0.009340806951785716,1.1,0.01,2,10,100,"{'gamma': 1.1, 'learning_rate': 0.01, 'max_depth': 2, 'min_child_weight': 10, 'n_estimators': 100}",-69.67099198586115,-18.449869994970253,-73.50594976131663,-214.0898106259971,-449.4047853330725,-324.19424886325913,-824.7495652726503,-287.5566816381564,-1749.3379052284681,-1447.681374279039,-545.864118298279,574.690124396423,106,-0.13224010448708118,-4.228591892180874,-6.533852018442602,-10.615008125081038,-22.085800080092405,-45.037689483865314,-67.83113329253575,-109.91694336167787,-123.774762734659,-190.02328865939873,-58.017930975242066,60.94298991184466
27,6.218668293952942,2.538653105403751,0.0427736759185791,0.028110964646652623,1.1,0.01,2,10,300,"{'gamma': 1.1, 'learning_rate': 0.01, 'max_depth': 2, 'min_child_weight': 10, 'n_estimators': 300}",-63.49402272366818,-0.4587541441733265,-31.592600289203816,-86.75073850948964,-191.16568382232998,-50.08165230588851,-108.67569499677651,-21.006082479692505,-275.88690030861045,-115.81873153904407,-94.49308611188768,80.0610793474687,79,-0.013825584647583421,-0.17890820090812473,-0.2482438310382438,-0.39732243371106124,-0.8419228502138935,-1.8997195543847467,-2.7604454940311753,-4.144183932439431,-4.8173153080900235,-6.920261110616013,-2.2222148300080296,2.2600427159489396
28,2.5120517730712892,1.1342114485391621,0.05790145397186279,0.049905952940784315,1.1,0.01,2,15,100,"{'gamma': 1.1, 'learning_rate': 0.01, 'max_depth': 2, 'min_child_weight': 15, 'n_estimators': 100}",-69.67099198586115,-18.449869994970253,-73.50594976131663,-214.0898106259971,-449.4047853330725,-324.19424886325913,-824.7495652726503,-287.5566816381564,-1749.3379052284681,-1447.681374279039,-545.864118298279,574.690124396423,106,-0.13224010448708118,-4.228591892180874,-6.533852018442602,-10.615008125081038,-22.085800080092405,-45.037689483865314,-67.83113329253575,-109.91694336167787,-123.774762734659,-190.02328865939873,-58.017930975242066,60.94298991184466
29,6.185165905952454,2.797523441596457,0.04618070125579834,0.024548160140499743,1.1,0.01,2,15,300,"{'gamma': 1.1, 'learning_rate': 0.01, 'max_depth': 2, 'min_child_weight': 15, 'n_estimators': 300}",-63.49402272366818,-0.4587541441733265,-31.592600289203816,-86.75073850948964,-191.16568382232998,-50.08165230588851,-108.67569499677651,-21.006082479692505,-275.88690030861045,-115.81873153904407,-94.49308611188768,80.0610793474687,79,-0.013825584647583421,-0.17890820090812473,-0.2482438310382438,-0.39732243371106124,-0.8419228502138935,-1.8997195543847467,-2.7604454940311753,-4.144183932439431,-4.8173153080900235,-6.920261110616013,-2.2222148300080296,2.2600427159489396
30,3.4044610023498536,1.254170982259135,0.0374563455581665,0.009059907367386214,1.1,0.01,3,5,100,"{'gamma': 1.1, 'learning_rate': 0.01, 'max_depth': 3, 'min_child_weight': 5, 'n_estimators': 100}",-68.5799549071128,-16.135515012475928,-65.75586753312798,-193.13506857836796,-394.28003813942604,-270.70488789034846,-601.8888571758143,-247.6122866802795,-1249.7343503373372,-1070.5381646785765,-417.8364990932867,407.5442292931042,94,-0.11982490121892143,-3.8210440774538896,-6.023060892312402,-9.54598437143349,-19.85774203674229,-38.714732510440825,-56.93656754836604,-94.01726307630878,-105.6622548456177,-165.9860380760906,-50.06845123359849,52.69115255394267
31,9.324143743515014,3.1008093868039226,0.04134070873260498,0.02020118237588506,1.1,0.01,3,5,300,"{'gamma': 1.1, 'learning_rate': 0.01, 'max_depth': 3, 'min_child_weight': 5, 'n_estimators': 300}",-63.426302742395954,-0.2941988928698808,-26.9459257971529,-73.50786770501743,-163.82915839299852,-29.967260840954083,-56.08168577155988,-12.60361478301122,-128.68402169302175,-54.19552216459281,-60.95355587835745,48.5158538319503,64,-0.01332461670822102,-0.11839105335861241,-0.18275866163202217,-0.2663783898600628,-0.5574208264184043,-1.1458129829179144,-1.5958049547058104,-2.5269464632408596,-2.8817093258689495,-4.196706315052418,-1.3485253589763275,1.356672234129809
32,3.8106640338897706,1.3419613193574569,0.03650608062744141,0.015532781487528548,1.1,0.01,3,10,100,"{'gamma': 1.1, 'learning_rate': 0.01, 'max_depth': 3, 'min_child_weight': 10, 'n_estimators': 100}",-68.5799549071128,-16.135515012475928,-65.75586753312798,-193.13506857836796,-394.28003813942604,-270.70488789034846,-601.8888571758143,-247.6122866802795,-1249.7343503373372,-1070.5381646785765,-417.8364990932867,407.5442292931042,94,-0.11982490121892143,-3.8210440774538896,-6.023060892312402,-9.54598437143349,-19.85774203674229,-38.714732510440825,-56.93656754836604,-94.01726307630878,-105.6622548456177,-165.9860380760906,-50.06845123359849,52.69115255394267
33,9.609062719345093,3.551921259691836,0.04101650714874268,0.007801290411101641,1.1,0.01,3,10,300,"{'gamma': 1.1, 'learning_rate': 0.01, 'max_depth': 3, 'min_child_weight': 10, 'n_estimators': 300}",-63.426302742395954,-0.2941988928698808,-26.9459257971529,-73.50786770501743,-163.82915839299852,-29.967260840954083,-56.08168577155988,-12.60361478301122,-128.68402169302175,-54.19552216459281,-60.95355587835745,48.5158538319503,64,-0.01332461670822102,-0.11839105335861241,-0.18275866163202217,-0.2663783898600628,-0.5574208264184043,-1.1458129829179144,-1.5958049547058104,-2.5269464632408596,-2.8817093258689495,-4.196706315052418,-1.3485253589763275,1.356672234129809
34,3.3700531482696534,1.333848073509529,0.0414311408996582,0.020949503580135604,1.1,0.01,3,15,100,"{'gamma': 1.1, 'learning_rate': 0.01, 'max_depth': 3, 'min_child_weight': 15, 'n_estimators': 100}",-68.5799549071128,-16.135515012475928,-65.75586753312798,-193.13506857836796,-394.28003813942604,-270.70488789034846,-601.8888571758143,-247.6122866802795,-1249.7343503373372,-1070.5381646785765,-417.8364990932867,407.5442292931042,94,-0.11982490121892143,-3.8210440774538896,-6.023060892312402,-9.54598437143349,-19.85774203674229,-38.714732510440825,-56.93656754836604,-94.01726307630878,-105.6622548456177,-165.9860380760906,-50.06845123359849,52.69115255394267
35,9.313529562950134,3.266916816516875,0.037488365173339845,0.009365060728922514,1.1,0.01,3,15,300,"{'gamma': 1.1, 'learning_rate': 0.01, 'max_depth': 3, 'min_child_weight': 15, 'n_estimators': 300}",-63.426302742395954,-0.2944771787231144,-26.9459257971529,-73.50786770501743,-163.82915839299852,-29.967260840954083,-56.08168577155988,-12.60361478301122,-128.68402169302175,-54.19552216459281,-60.95358370694278,48.51581903793807,66,-0.01332461670822102,-0.1184020639856637,-0.18275866163202217,-0.2663783898600628,-0.5574208264184043,-1.1458129829179144,-1.5958049547058104,-2.5269464632408596,-2.8817093258689495,-4.196706315052418,-1.3485264600390328,1.3566712357677764
36,2.2386170864105224,1.09870057260144,0.03627309799194336,0.021930805727892175,1.1,0.08499999999999999,2,5,100,"{'gamma': 1.1, 'learning_rate': 0.08499999999999999, 'max_depth': 2, 'min_child_weight': 5, 'n_estimators': 100}",-62.981178144773374,-1.2770307733350938,-22.16863961954688,-56.025051342693054,-133.19274649199147,-15.460175205958386,-23.54540247968052,-3.862002580741447,-48.974551290985175,-11.083047404717831,-37.85698253344232,37.86419112371224,7,-0.011119988774564242,-0.0389303655010745,-0.06356795250228554,-0.07795016858592915,-0.1527537939864583,-0.3409075568165972,-0.41972436563626575,-0.6848946870186219,-0.7601644890780423,-0.9466373387375365,-0.34966507066373753,0.32370866304254553
37,5.105281710624695,2.9050130002008756,0.04448268413543701,0.025707339531498525,1.1,0.08499999999999999,2,5,300,"{'gamma': 1.1, 'learning_rate': 0.08499999999999999, 'max_depth': 2, 'min_child_weight': 5, 'n_estimators': 300}",-62.981178144773374,-1.2770307733350938,-22.16863961954688,-56.025051342693054,-135.22163487304056,-16.059795992911912,-27.841185360833062,-3.7370956531764614,-46.63359165980664,-9.553221410873173,-38.14984248309902,38.265220155498454,20,-0.011119988774564242,-0.0389303655010745,-0.06356795250228554,-0.07795016858592915,-0.14576748676158663,-0.29004307919555883,-0.36085265333884925,-0.5557355080955557,-0.6299151329956242,-0.8150312166278919,-0.298891355237892,0.26905289772415464
38,2.107517623901367,0.9157319737131587,0.03568389415740967,0.008447399830376828,1.1,0.08499999999999999,2,10,100,"{'gamma': 1.1, 'learning_rate': 0.08499999999999999, 'max_depth': 2, 'min_child_weight': 10, 'n_estimators': 100}",-62.981178144773374,-1.1621601873749612,-22.16863961954688,-56.02505126904215,-132.26742099846467,-15.350779435302757,-22.127984424873294,-3.8842957736848898,-48.93155953205222,-11.195199854328544,-37.60942692394438,37.69380186031685,2,-0.011119988774564242,-0.03892536393788492,-0.06356795250228554,-0.07799210614083542,-0.1538457071846171,-0.34364392017882706,-0.4228886019719963,-0.6857605793123268,-0.7606049244478182,-0.9465718412995445,-0.35049209857507,0.32383567882881426
39,4.982626008987427,2.858001041769026,0.03746421337127685,0.0070114486567584774,1.1,0.08499999999999999,2,10,300,"{'gamma': 1.1, 'learning_rate': 0.08499999999999999, 'max_depth': 2, 'min_child_weight': 10, 'n_estimators': 300}",-62.981178144773374,-1.1621601873749612,-22.16863961954688,-56.02505126904215,-130.19543839497413,-14.873463250552486,-26.272265435983904,-3.7633626678688747,-51.45896382569749,-10.453505107264936,-37.93540279030792,37.20356725521321,9,-0.011119988774564242,-0.03892536393788492,-0.06356795250228554,-0.07799210614083542,-0.14472699707265665,-0.2868329873450025,-0.3643516713262992,-0.5637591694623092,-0.6348860859909576,-0.8233341981581784,-0.30094965207109736,0.27217838128702093
40,2.2537967681884767,0.9073258549396166,0.04562718868255615,0.016648065643526312,1.1,0.08499999999999999,2,15,100,"{'gamma': 1.1, 'learning_rate': 0.08499999999999999, 'max_depth': 2, 'min_child_weight': 15, 'n_estimators': 100}",-62.981178144773374,-1.157372760304934,-22.468938543640363,-56.02509973161635,-132.96622775195047,-15.179323418488393,-23.80925473843399,-3.837420784410643,-51.11344293438748,-11.12991246447681,-38.066817127248285,37.880473388024726,17,-0.011119988774564242,-0.03897572314170863,-0.06373705503423008,-0.07806835122416564,-0.15353363494702968,-0.34433415971040043,-0.4253703849494366,-0.6888634688119132,-0.7630976395355753,-0.947647316256669,-0.35147477223856927,0.3247182721564777
41,4.559275031089783,2.1873757801151443,0.03713412284851074,0.008830081407645522,1.1,0.08499999999999999,2,15,300,"{'gamma': 1.1, 'learning_rate': 0.08499999999999999, 'max_depth': 2, 'min_child_weight': 15, 'n_estimators': 300}",-62.981178144773374,-1.157372760304934,-22.468938543640363,-56.02509973161635,-131.6943541724558,-14.164270886686744,-30.171611794341345,-3.7249777604078687,-52.04906580464329,-10.522014594191718,-38.49588841930618,37.52379006710385,30,-0.011119988774564242,-0.03897572314170863,-0.06373705503423008,-0.07806835122416564,-0.1464488948304624,-0.29753883717765695,-0.3668600272451059,-0.5743425423924868,-0.6395712041298227,-0.8258891794164656,-0.3042551803366669,0.2741649556421463
42,2.995478558540344,1.3766575126280196,0.04552249908447266,0.025395860505913817,1.1,0.08499999999999999,3,5,100,"{'gamma': 1.1, 'learning_rate': 0.08499999999999999, 'max_depth': 3, 'min_child_weight': 5, 'n_estimators': 100}",-63.01254142749407,-0.7090185909102619,-23.101836899895495,-57.60617929473564,-132.44999060950047,-16.696216440454638,-25.835175165609254,-3.8856629910276133,-56.02568790794964,-11.512099289633767,-39.08344086172109,37.84682390095397,41,-0.01114125793789221,-0.03454264791172677,-0.0572706151002252,-0.06831246831513522,-0.12273401601201718,-0.2596395721724552,-0.3219504907430269,-0.5302733176036633,-0.6228229303622299,-0.7712884432604282,-0.27999757594188,0.25988265328214255
43,5.492337059974671,2.7129431720122845,0.03704190254211426,0.01673405817189546,1.1,0.08499999999999999,3,5,300,"{'gamma': 1.1, 'learning_rate': 0.08499999999999999, 'max_depth': 3, 'min_child_weight': 5, 'n_estimators': 300}",-63.01254142749407,-0.7090185909102619,-23.101836899895495,-57.60617929473564,-132.44999060950047,-16.51298974214085,-25.61511642762449,-3.90400580246181,-58.40268836246926,-11.890896054067237,-39.32052632112996,37.9493526353393,54,-0.01114125793789221,-0.03454268038153167,-0.0572706151002252,-0.06831246831513522,-0.12273401601201718,-0.2368201847910721,-0.29821548102620205,-0.442413815921993,-0.49386035982529664,-0.633656367413242,-0.23989672467246076,0.2085636112113713
44,3.0273201704025268,1.5221720713197964,0.04736199378967285,0.02320873453713713,1.1,0.08499999999999999,3,10,100,"{'gamma': 1.1, 'learning_rate': 0.08499999999999999, 'max_depth': 3, 'min_child_weight': 10, 'n_estimators': 100}",-63.01254142749407,-0.7057283845574177,-22.909787801144343,-57.35370428459787,-134.4002018813165,-16.33410271891735,-21.553773031820526,-3.898703993618726,-55.63929832321364,-11.582540728371269,-38.739038257505165,38.4943142821512,33,-0.01114125793789221,-0.0345570237729577,-0.05742216346543725,-0.06868741921358401,-0.12423435256338553,-0.2617645810848415,-0.328989377749752,-0.539066726050579,-0.6305807412339599,-0.7774540043187146,-0.2833897647391104,0.2628848817386944
45,5.700472593307495,2.9081808830780314,0.03643732070922852,0.008957271139729744,1.1,0.08499999999999999,3,10,300,"{'gamma': 1.1, 'learning_rate': 0.08499999999999999, 'max_depth': 3, 'min_child_weight': 10, 'n_estimators': 300}",-63.01254142749407,-0.7057283845574177,-22.909787801144343,-57.35370428459787,-134.4002018813165,-15.925967802203848,-21.60532052944728,-3.8057171275756168,-60.15896876353576,-11.613209960390806,-39.14911479622636,38.7442183443786,42,-0.01114125793789221,-0.0345570237729577,-0.05742216346543725,-0.06868741921358401,-0.12423435256338553,-0.24266713541731377,-0.30173716627968006,-0.4541588165551379,-0.5067908376771039,-0.6620219931723275,-0.24634181660548196,0.21661666823814213
46,2.890763759613037,1.3745611342991024,0.0353940486907959,0.011705401708894007,1.1,0.08499999999999999,3,15,100,"{'gamma': 1.1, 'learning_rate': 0.08499999999999999, 'max_depth': 3, 'min_child_weight': 15, 'n_estimators': 100}",-63.01254142749407,-0.7346155440170024,-23.289467677177274,-57.330865616932286,-136.61945691527905,-16.19405448356327,-23.17572590994427,-3.7557821809560816,-52.910460721676465,-11.687784504234534,-38.87107549812743,38.86541795799258,35,-0.01114125793789221,-0.035392772819559826,-0.05815532396331031,-0.06882677224522044,-0.1268720195957644,-0.2705112088083271,-0.3362022519129919,-0.5447295679631496,-0.6328486616819462,-0.7815688800936899,-0.2866248717021852,0.2642612711450165
47,5.664440274238586,2.7609451313609883,0.04488339424133301,0.016702885857326412,1.1,0.08499999999999999,3,15,300,"{'gamma': 1.1, 'learning_rate': 0.08499999999999999, 'max_depth': 3, 'min_child_weight': 15, 'n_estimators': 300}",-63.01254142749407,-0.7346155440170024,-23.289467677177274,-57.330865616932286,-136.61945691527905,-15.521861135959478,-23.247730639208513,-3.647643121061061,-50.63399396401269,-11.637899451326554,-38.5676075492468,38.83883685570861,31,-0.01114125793789221,-0.035392772819559826,-0.05815532396331031,-0.06882677224522044,-0.1268720195957644,-0.24313369559241935,-0.30566387774734954,-0.457885295005136,-0.5244528608974608,-0.656725091746439,-0.24882489675505517,0.21794406440432196
48,2.239149045944214,0.9598773642381155,0.05466639995574951,0.04097186970033054,2.1,0.01,2,5,100,"{'gamma': 2.1, 'learning_rate': 0.01, 'max_depth': 2, 'min_child_weight': 5, 'n_estimators': 100}",-69.67099198586115,-18.449869994970253,-73.50594976131663,-214.0898106259971,-449.4047853330725,-324.19424886325913,-824.7495652726503,-287.5566816381564,-1749.3379052284681,-1447.681374279039,-545.864118298279,574.690124396423,106,-0.13224010448708118,-4.228591892180874,-6.533852018442602,-10.615008125081038,-22.085800080092405,-45.037689483865314,-67.83113329253575,-109.91694336167787,-123.774762734659,-190.02328865939873,-58.017930975242066,60.94298991184466
49,6.228113079071045,2.8780059557450604,0.06555259227752686,0.04115591360682601,2.1,0.01,2,5,300,"{'gamma': 2.1, 'learning_rate': 0.01, 'max_depth': 2, 'min_child_weight': 5, 'n_estimators': 300}",-64.00387350361336,-0.4587541441733265,-31.592600289203816,-86.75073850948964,-191.16568382232998,-50.08165230588851,-108.67569499677651,-21.006082479692505,-275.88690030861045,-115.81873153904407,-94.5440711898822,80.04148200936858,82,-0.01582292264215968,-0.17890820090812473,-0.2482438310382438,-0.39732243371106124,-0.8419228502138935,-1.8997195543847467,-2.7604454940311753,-4.144183932439431,-4.8173153080900235,-6.920261110616013,-2.2224145638074875,2.259847618094384
50,2.405671501159668,1.060939114858925,0.05931689739227295,0.03664294304118917,2.1,0.01,2,10,100,"{'gamma': 2.1, 'learning_rate': 0.01, 'max_depth': 2, 'min_child_weight': 10, 'n_estimators': 100}",-69.67099198586115,-18.449869994970253,-73.50594976131663,-214.0898106259971,-449.4047853330725,-324.19424886325913,-824.7495652726503,-287.5566816381564,-1749.3379052284681,-1447.681374279039,-545.864118298279,574.690124396423,106,-0.13224010448708118,-4.228591892180874,-6.533852018442602,-10.615008125081038,-22.085800080092405,-45.037689483865314,-67.83113329253575,-109.91694336167787,-123.774762734659,-190.02328865939873,-58.017930975242066,60.94298991184466
51,7.058747816085815,3.1907378856644537,0.042635774612426756,0.010160872100330391,2.1,0.01,2,10,300,"{'gamma': 2.1, 'learning_rate': 0.01, 'max_depth': 2, 'min_child_weight': 10, 'n_estimators': 300}",-64.00387350361336,-0.4587541441733265,-31.592600289203816,-86.75073850948964,-191.16568382232998,-50.08165230588851,-108.67569499677651,-21.006082479692505,-275.88690030861045,-115.81873153904407,-94.5440711898822,80.04148200936858,82,-0.01582292264215968,-0.17890820090812473,-0.2482438310382438,-0.39732243371106124,-0.8419228502138935,-1.8997195543847467,-2.7604454940311753,-4.144183932439431,-4.8173153080900235,-6.920261110616013,-2.2224145638074875,2.259847618094384
52,2.886412262916565,1.1320171050242043,0.04980852603912354,0.025231359588753773,2.1,0.01,2,15,100,"{'gamma': 2.1, 'learning_rate': 0.01, 'max_depth': 2, 'min_child_weight': 15, 'n_estimators': 100}",-69.67099198586115,-18.449869994970253,-73.50594976131663,-214.0898106259971,-449.4047853330725,-324.19424886325913,-824.7495652726503,-287.5566816381564,-1749.3379052284681,-1447.681374279039,-545.864118298279,574.690124396423,106,-0.13224010448708118,-4.228591892180874,-6.533852018442602,-10.615008125081038,-22.085800080092405,-45.037689483865314,-67.83113329253575,-109.91694336167787,-123.774762734659,-190.02328865939873,-58.017930975242066,60.94298991184466
53,7.640515375137329,3.00346760041318,0.06124069690704346,0.0361423937255603,2.1,0.01,2,15,300,"{'gamma': 2.1, 'learning_rate': 0.01, 'max_depth': 2, 'min_child_weight': 15, 'n_estimators': 300}",-64.00387350361336,-0.4587541441733265,-31.592600289203816,-86.75073850948964,-191.16568382232998,-50.08165230588851,-108.67569499677651,-21.006082479692505,-275.88690030861045,-115.81873153904407,-94.5440711898822,80.04148200936858,82,-0.01582292264215968,-0.17890820090812473,-0.2482438310382438,-0.39732243371106124,-0.8419228502138935,-1.8997195543847467,-2.7604454940311753,-4.144183932439431,-4.8173153080900235,-6.920261110616013,-2.2224145638074875,2.259847618094384
54,4.665651130676269,1.4282365361927074,0.052342677116394044,0.012815995334388958,2.1,0.01,3,5,100,"{'gamma': 2.1, 'learning_rate': 0.01, 'max_depth': 3, 'min_child_weight': 5, 'n_estimators': 100}",-68.68946152345274,-16.13258694746325,-65.75586753312798,-193.13506857836796,-394.28003813942604,-270.70488789034846,-601.8888571758143,-247.6122866802795,-1249.7343503373372,-1070.5381646785765,-417.8471569484194,407.5351346539208,97,-0.1216441716883249,-3.82125023982672,-6.023060892312402,-9.54598437143349,-19.85774203674229,-38.714732510440825,-56.93656754836604,-94.01726307630878,-105.6622548456177,-165.9860380760906,-50.06865377688272,52.690962003457926
55,11.76796863079071,4.572865165965489,0.07888326644897461,0.04892161401540848,2.1,0.01,3,5,300,"{'gamma': 2.1, 'learning_rate': 0.01, 'max_depth': 3, 'min_child_weight': 5, 'n_estimators': 300}",-63.95853556190203,-0.2918834413845548,-26.925398628669395,-73.50786770501743,-163.82915839299852,-29.967260840954083,-56.08168577155988,-12.60361478301122,-128.68402169302175,-54.19552216459281,-61.004494898311165,48.52056028475585,67,-0.015462349887658438,-0.1188336565044473,-0.1828743479861837,-0.2663783898600628,-0.5574208264184043,-1.1458129829179144,-1.5958049547058104,-2.5269464632408596,-2.8817093258689495,-4.196706315052418,-1.348794961244271,1.356411895621569
56,4.487374806404114,1.6860765056601075,0.058458471298217775,0.029497955856297744,2.1,0.01,3,10,100,"{'gamma': 2.1, 'learning_rate': 0.01, 'max_depth': 3, 'min_child_weight': 10, 'n_estimators': 100}",-68.68946152345274,-16.13258694746325,-65.75586753312798,-193.13506857836796,-394.28003813942604,-270.70488789034846,-601.8888571758143,-247.6122866802795,-1249.7343503373372,-1070.5381646785765,-417.8471569484194,407.5351346539208,97,-0.1216441716883249,-3.82125023982672,-6.023060892312402,-9.54598437143349,-19.85774203674229,-38.714732510440825,-56.93656754836604,-94.01726307630878,-105.6622548456177,-165.9860380760906,-50.06865377688272,52.690962003457926
57,11.838013768196106,3.700307350195044,0.06073040962219238,0.029442473949801297,2.1,0.01,3,10,300,"{'gamma': 2.1, 'learning_rate': 0.01, 'max_depth': 3, 'min_child_weight': 10, 'n_estimators': 300}",-63.95853556190203,-0.2918834413845548,-26.925398628669395,-73.50786770501743,-163.82915839299852,-29.967260840954083,-56.08168577155988,-12.60361478301122,-128.68402169302175,-54.19552216459281,-61.004494898311165,48.52056028475585,67,-0.015462349887658438,-0.1188336565044473,-0.1828743479861837,-0.2663783898600628,-0.5574208264184043,-1.1458129829179144,-1.5958049547058104,-2.5269464632408596,-2.8817093258689495,-4.196706315052418,-1.348794961244271,1.356411895621569
58,4.250066757202148,1.400096147044567,0.04741942882537842,0.016345634666281524,2.1,0.01,3,15,100,"{'gamma': 2.1, 'learning_rate': 0.01, 'max_depth': 3, 'min_child_weight': 15, 'n_estimators': 100}",-68.68946152345274,-16.13258694746325,-65.75586753312798,-193.13506857836796,-394.28003813942604,-270.70488789034846,-601.8888571758143,-247.6122866802795,-1249.7343503373372,-1070.5381646785765,-417.8471569484194,407.5351346539208,97,-0.1216441716883249,-3.82125023982672,-6.023060892312402,-9.54598437143349,-19.85774203674229,-38.714732510440825,-56.93656754836604,-94.01726307630878,-105.6622548456177,-165.9860380760906,-50.06865377688272,52.690962003457926
59,10.880611729621886,4.289143749956277,0.05850086212158203,0.03927703556396363,2.1,0.01,3,15,300,"{'gamma': 2.1, 'learning_rate': 0.01, 'max_depth': 3, 'min_child_weight': 15, 'n_estimators': 300}",-63.95853556190203,-0.29356695016379775,-26.924220564164,-73.50786770501743,-163.82915839299852,-29.967260840954083,-56.08168577155988,-12.60361478301122,-128.68402169302175,-54.19552216459281,-61.00454544273855,48.5204323785159,69,-0.015462349887658438,-0.11891510945340895,-0.18287668691616774,-0.2663783898600628,-0.5574208264184043,-1.1458129829179144,-1.5958049547058104,-2.5269464632408596,-2.8817093258689495,-4.196706315052418,-1.3488033404321655,1.356404308818385
60,2.51504533290863,1.118527920458125,0.04920377731323242,0.028192416304723637,2.1,0.08499999999999999,2,5,100,"{'gamma': 2.1, 'learning_rate': 0.08499999999999999, 'max_depth': 2, 'min_child_weight': 5, 'n_estimators': 100}",-63.62383200399355,-1.0073698333178607,-22.477826004176777,-56.17979452068702,-133.48283261638534,-15.462685749226113,-23.54540247968052,-3.862002580741447,-48.974551290985175,-11.083047404717831,-37.969934448391164,38.000884801052386,11,-0.013760238560926931,-0.04143633482783422,-0.06550906302622665,-0.08001346948177131,-0.15301419843519573,-0.34102366195075823,-0.41972436563626575,-0.6848946870186219,-0.7601644890780423,-0.9466373387375365,-0.35061778467531796,0.3228317916865631
61,5.411813831329345,2.860805250577749,0.08734266757965088,0.13619289437790705,2.1,0.08499999999999999,2,5,300,"{'gamma': 2.1, 'learning_rate': 0.08499999999999999, 'max_depth': 2, 'min_child_weight': 5, 'n_estimators': 300}",-63.62383200399355,-1.0073698333178607,-22.477826004176777,-56.17979452068702,-133.48283261638534,-15.546756304890414,-25.73250021631416,-3.727380312401106,-48.28169779067702,-9.738428181613719,-37.979841778445696,38.009377057811186,12,-0.013760238560926931,-0.04143633482783422,-0.06550906302622665,-0.08001346948177131,-0.15301419843519573,-0.31827909379936653,-0.3920511385273035,-0.6024744726929431,-0.6827801816228993,-0.844373524501475,-0.31936917154759425,0.285163666432469
62,2.5448403120040894,1.1371147746192531,0.04266278743743897,0.009345208162395034,2.1,0.08499999999999999,2,10,100,"{'gamma': 2.1, 'learning_rate': 0.08499999999999999, 'max_depth': 2, 'min_child_weight': 10, 'n_estimators': 100}",-63.62383200399355,-0.9643046325278708,-22.477826004176777,-56.17979452068702,-132.4686250570113,-15.350779435302757,-22.127984424873294,-3.8842957736848898,-48.93155953205222,-11.195199854328544,-37.72042012386383,37.80210501215223,4,-0.013760238560926931,-0.04135267260908795,-0.06550906302622665,-0.08001346948177131,-0.15455453062158175,-0.3436972018057667,-0.4228886019719963,-0.6857605793123268,-0.7606049244478182,-0.9465718412995445,-0.35147131231370476,0.3229407777992639
63,5.380984926223755,2.7151979001129414,0.04103765487670898,0.015404385292654744,2.1,0.08499999999999999,2,10,300,"{'gamma': 2.1, 'learning_rate': 0.08499999999999999, 'max_depth': 2, 'min_child_weight': 10, 'n_estimators': 300}",-63.62383200399355,-0.9643046325278708,-22.477826004176777,-56.17979452068702,-132.4686250570113,-14.864960044945851,-24.466566147097687,-3.7817685247869552,-50.20539305701288,-10.652827815484631,-37.968589780772454,37.82867732747917,10,-0.013760238560926931,-0.04135267260908795,-0.06550906302622665,-0.08001346948177131,-0.15455453062158175,-0.3180544428208148,-0.3930914394650542,-0.6034029112080421,-0.6836152927870602,-0.8517768212423757,-0.3205130881822941,0.28667436049978573
64,2.5077584266662596,1.0670000100258001,0.05795838832855225,0.03052888730828758,2.1,0.08499999999999999,2,15,100,"{'gamma': 2.1, 'learning_rate': 0.08499999999999999, 'max_depth': 2, 'min_child_weight': 15, 'n_estimators': 100}",-63.62383200399355,-0.9786830982329956,-22.569087854601037,-56.17979452068702,-133.18133564182892,-15.179320065755594,-23.80925473843399,-3.837420784410643,-51.11344293438748,-11.12991246447681,-38.1602084106808,37.997648781916425,22,-0.013760238560926931,-0.041380410157277454,-0.06587884026295776,-0.08001346948177131,-0.15407752232910027,-0.3443871125414324,-0.4253703849494366,-0.6888634688119132,-0.7630976395355753,-0.947647316256669,-0.35244764028870595,0.32382389051036936
65,5.701833963394165,3.196061802484426,0.04571309089660645,0.014013523564096833,2.1,0.08499999999999999,2,15,300,"{'gamma': 2.1, 'learning_rate': 0.08499999999999999, 'max_depth': 2, 'min_child_weight': 15, 'n_estimators': 300}",-63.62383200399355,-0.9786830982329956,-22.569087854601037,-56.17979452068702,-133.18133564182892,-14.3850046909876,-27.740691262496302,-3.73596449210632,-53.918322760869664,-10.621475201213956,-38.693419152701736,38.066228039683395,32,-0.013760238560926931,-0.041380410157277454,-0.06587884026295776,-0.08001346948177131,-0.15407752232910027,-0.3225794731081344,-0.3948554711897566,-0.6153906505498129,-0.6831305094192892,-0.8541381397765427,-0.322520472483557,0.28828500787997385
66,3.800070381164551,2.031074602570629,0.05308079719543457,0.017970594074715983,2.1,0.08499999999999999,3,5,100,"{'gamma': 2.1, 'learning_rate': 0.08499999999999999, 'max_depth': 3, 'min_child_weight': 5, 'n_estimators': 100}",-63.69998193968738,-0.6670430154520808,-23.10284367191062,-57.30092365605508,-135.01497115134015,-16.865872730068546,-25.124265352639895,-3.9178192921564157,-54.80280357925811,-11.437185328272552,-39.19337097168409,38.48155558922509,45,-0.013977860161904441,-0.038825343849677174,-0.06139052594549726,-0.07198990017713383,-0.13423084062531276,-0.2649433237463514,-0.32327691203754233,-0.5305126517541547,-0.6245126233435349,-0.7707820999660329,-0.28344420816071414,0.25797936354455847
67,7.380027008056641,3.799085650989866,0.08427751064300537,0.09519150840800092,2.1,0.08499999999999999,3,5,300,"{'gamma': 2.1, 'learning_rate': 0.08499999999999999, 'max_depth': 3, 'min_child_weight': 5, 'n_estimators': 300}",-63.69998193968738,-0.6670430154520808,-23.10284367191062,-57.30092365605508,-135.01497115134015,-16.865872730068546,-25.42133142113178,-3.871250736796789,-55.05392389020401,-11.51709821081904,-39.25152404234655,38.479549561991945,50,-0.013977860161904441,-0.038825343849677174,-0.06139052594549726,-0.07198990017713383,-0.13423084062531276,-0.26494406514558433,-0.3193284834716736,-0.48944762756803495,-0.5748718783304163,-0.7124176039399983,-0.2681424129215233,0.23651850875719108
68,3.917589259147644,1.970449873742824,0.05883769989013672,0.02649495515165879,2.1,0.08499999999999999,3,10,100,"{'gamma': 2.1, 'learning_rate': 0.08499999999999999, 'max_depth': 3, 'min_child_weight': 10, 'n_estimators': 100}",-63.69998193968738,-0.6122641315478097,-23.10284367191062,-57.290725915150645,-135.73745352484622,-17.19366294708714,-21.693714320223794,-3.9288203040395144,-55.92504388893313,-11.641244344779812,-39.08257549882061,38.81882849945051,39,-0.013977860161904441,-0.038790010469031244,-0.06139052594549726,-0.07200797798707702,-0.13254764969367028,-0.26859868677132853,-0.32845635584383354,-0.5394761123578312,-0.6308757593285639,-0.7794145957191716,-0.28655355342779093,0.26146665646648093
69,7.155455160140991,3.9476238037110827,0.06689729690551757,0.030506175879071066,2.1,0.08499999999999999,3,10,300,"{'gamma': 2.1, 'learning_rate': 0.08499999999999999, 'max_depth': 3, 'min_child_weight': 10, 'n_estimators': 300}",-63.69998193968738,-0.6122641315478097,-23.10284367191062,-57.290725915150645,-135.73745352484622,-17.19366294708714,-21.72506033780191,-3.8064563873705435,-58.44405287252563,-11.702422622842542,-39.331492435077045,38.94068304442001,55,-0.013977860161904441,-0.038790010469031244,-0.06139052594549726,-0.07200797798707702,-0.13254784486025903,-0.26859868677132853,-0.3263666924593543,-0.5011410341084085,-0.5878664368276629,-0.730267346829699,-0.27329544164202224,0.24289896911145825
70,4.114269828796386,2.1674699464971074,0.0483288049697876,0.01222911282659047,2.1,0.08499999999999999,3,15,100,"{'gamma': 2.1, 'learning_rate': 0.08499999999999999, 'max_depth': 3, 'min_child_weight': 15, 'n_estimators': 100}",-63.69998193968738,-0.6267095924316992,-23.21236815605228,-57.290725915150645,-136.7406803748696,-16.544417433812725,-23.474921006505628,-3.756103269418716,-53.455511444918436,-11.687758090957427,-39.04891772238046,38.938347501022236,38,-0.013977860161904441,-0.038954666150944686,-0.06133930501475089,-0.07200797798707702,-0.13414097176078713,-0.27589750441094574,-0.3373840275012572,-0.5449354845170246,-0.6328705607086245,-0.7816154940618054,-0.2893123852275122,0.2626761824139775
71,7.528534960746765,3.5987952337269746,0.05201499462127686,0.025792153792708446,2.1,0.08499999999999999,3,15,300,"{'gamma': 2.1, 'learning_rate': 0.08499999999999999, 'max_depth': 3, 'min_child_weight': 15, 'n_estimators': 300}",-63.69998193968738,-0.6267095924316992,-23.21236815605228,-57.290725915150645,-136.7406803748696,-16.544417433812725,-23.64498793495236,-3.647996999866494,-53.161129170329474,-11.777069599744454,-39.034606711689705,38.92434500559657,37,-0.013977860161904441,-0.038954666150944686,-0.06133930501475089,-0.07200797798707702,-0.13414097176078713,-0.27589750441094574,-0.3317369041065619,-0.5033222156325238,-0.5945416607080192,-0.731893353730148,-0.2757812419663662,0.24428489488921962
72,3.084938168525696,1.0231725638782274,0.048431563377380374,0.020535265827340908,3.1,0.01,2,5,100,"{'gamma': 3.1, 'learning_rate': 0.01, 'max_depth': 2, 'min_child_weight': 5, 'n_estimators': 100}",-69.67099198586115,-18.449869994970253,-73.50594976131663,-214.0898106259971,-449.4047853330725,-324.19424886325913,-824.7495652726503,-287.5566816381564,-1749.3379052284681,-1447.681374279039,-545.864118298279,574.690124396423,106,-0.13224010448708118,-4.228591892180874,-6.533852018442602,-10.615008125081038,-22.085800080092405,-45.037689483865314,-67.83113329253575,-109.91694336167787,-123.774762734659,-190.02328865939873,-58.017930975242066,60.94298991184466
73,7.050234937667847,2.621775713156542,0.041982388496398924,0.010254977783440276,3.1,0.01,2,5,300,"{'gamma': 3.1, 'learning_rate': 0.01, 'max_depth': 2, 'min_child_weight': 5, 'n_estimators': 300}",-64.3321001184919,-0.4587541441733265,-31.592600289203816,-86.75073850948964,-191.16568382232998,-50.08165230588851,-108.67569499677651,-21.006082479692505,-275.88690030861045,-115.81873153904407,-94.57689385137006,80.02901796885415,85,-0.017470319494265175,-0.17890820090812473,-0.2482438310382438,-0.39732243371106124,-0.8419228502138935,-1.8997195543847467,-2.7604454940311753,-4.144183932439431,-4.8173153080900235,-6.920261110616013,-2.2225793034926977,2.259686809014609
74,2.5887089729309083,0.9747475414565048,0.05012080669403076,0.026733156553742532,3.1,0.01,2,10,100,"{'gamma': 3.1, 'learning_rate': 0.01, 'max_depth': 2, 'min_child_weight': 10, 'n_estimators': 100}",-69.67099198586115,-18.449869994970253,-73.50594976131663,-214.0898106259971,-449.4047853330725,-324.19424886325913,-824.7495652726503,-287.5566816381564,-1749.3379052284681,-1447.681374279039,-545.864118298279,574.690124396423,106,-0.13224010448708118,-4.228591892180874,-6.533852018442602,-10.615008125081038,-22.085800080092405,-45.037689483865314,-67.83113329253575,-109.91694336167787,-123.774762734659,-190.02328865939873,-58.017930975242066,60.94298991184466
75,7.074976825714112,2.9331702398368686,0.05228214263916016,0.020703328836074824,3.1,0.01,2,10,300,"{'gamma': 3.1, 'learning_rate': 0.01, 'max_depth': 2, 'min_child_weight': 10, 'n_estimators': 300}",-64.3321001184919,-0.4587541441733265,-31.592600289203816,-86.75073850948964,-191.16568382232998,-50.08165230588851,-108.67569499677651,-21.006082479692505,-275.88690030861045,-115.81873153904407,-94.57689385137006,80.02901796885415,85,-0.017470319494265175,-0.17890820090812473,-0.2482438310382438,-0.39732243371106124,-0.8419228502138935,-1.8997195543847467,-2.7604454940311753,-4.144183932439431,-4.8173153080900235,-6.920261110616013,-2.2225793034926977,2.259686809014609
76,2.503280186653137,0.8809613617339573,0.05111842155456543,0.025040770523403866,3.1,0.01,2,15,100,"{'gamma': 3.1, 'learning_rate': 0.01, 'max_depth': 2, 'min_child_weight': 15, 'n_estimators': 100}",-69.67099198586115,-18.449869994970253,-73.50594976131663,-214.0898106259971,-449.4047853330725,-324.19424886325913,-824.7495652726503,-287.5566816381564,-1749.3379052284681,-1447.681374279039,-545.864118298279,574.690124396423,106,-0.13224010448708118,-4.228591892180874,-6.533852018442602,-10.615008125081038,-22.085800080092405,-45.037689483865314,-67.83113329253575,-109.91694336167787,-123.774762734659,-190.02328865939873,-58.017930975242066,60.94298991184466
77,6.8629457473754885,2.852036321575366,0.05080766677856445,0.011840709390885745,3.1,0.01,2,15,300,"{'gamma': 3.1, 'learning_rate': 0.01, 'max_depth': 2, 'min_child_weight': 15, 'n_estimators': 300}",-64.3321001184919,-0.4587541441733265,-31.592600289203816,-86.75073850948964,-191.16568382232998,-50.08165230588851,-108.67569499677651,-21.006082479692505,-275.88690030861045,-115.81873153904407,-94.57689385137006,80.02901796885415,85,-0.017470319494265175,-0.17890820090812473,-0.2482438310382438,-0.39732243371106124,-0.8419228502138935,-1.8997195543847467,-2.7604454940311753,-4.144183932439431,-4.8173153080900235,-6.920261110616013,-2.2225793034926977,2.259686809014609
78,3.7222700357437133,1.1865280892859347,0.06643388271331788,0.05339712497912948,3.1,0.01,3,5,100,"{'gamma': 3.1, 'learning_rate': 0.01, 'max_depth': 3, 'min_child_weight': 5, 'n_estimators': 100}",-68.9107438209005,-16.130080495018216,-65.75586753312798,-193.13506857836796,-394.28003813942604,-270.70488789034846,-601.8888571758143,-247.6122866802795,-1249.7343503373372,-1070.5381646785765,-417.8690345329197,407.5164282434079,100,-0.12404848986510401,-3.8212960728201546,-6.023060892312402,-9.54598437143349,-19.85774203674229,-38.714732510440825,-56.93656754836604,-94.01726307630878,-105.6622548456177,-165.9860380760906,-50.068898791999736,52.690730074047146
79,10.662015247344971,3.902695817454367,0.047642874717712405,0.013859691115637725,3.1,0.01,3,5,300,"{'gamma': 3.1, 'learning_rate': 0.01, 'max_depth': 3, 'min_child_weight': 5, 'n_estimators': 300}",-64.29385209957235,-0.29540040394560013,-26.91188810638833,-73.50786770501743,-163.82915839299852,-29.967260840954083,-56.08168577155988,-12.60361478301122,-128.68402169302175,-54.19552216459281,-61.0370271961062,48.52321571602281,70,-0.017208908856355953,-0.12056457586320793,-0.18301518144091428,-0.2663783898600628,-0.5574208264184043,-1.1458129829179144,-1.5958049547058104,-2.5269464632408596,-2.8817093258689495,-4.196706315052418,-1.3491567924224896,1.3560712830091282
80,3.640649914741516,1.3339780954297467,0.035953736305236815,0.007436189013050569,3.1,0.01,3,10,100,"{'gamma': 3.1, 'learning_rate': 0.01, 'max_depth': 3, 'min_child_weight': 10, 'n_estimators': 100}",-68.9107438209005,-16.130080495018216,-65.75586753312798,-193.13506857836796,-394.28003813942604,-270.70488789034846,-601.8888571758143,-247.6122866802795,-1249.7343503373372,-1070.5381646785765,-417.8690345329197,407.5164282434079,100,-0.12404848986510401,-3.8212960728201546,-6.023060892312402,-9.54598437143349,-19.85774203674229,-38.714732510440825,-56.93656754836604,-94.01726307630878,-105.6622548456177,-165.9860380760906,-50.068898791999736,52.690730074047146
81,10.37128438949585,3.332154675401535,0.05953769683837891,0.0387913656018099,3.1,0.01,3,10,300,"{'gamma': 3.1, 'learning_rate': 0.01, 'max_depth': 3, 'min_child_weight': 10, 'n_estimators': 300}",-64.29385209957235,-0.29540040394560013,-26.91188810638833,-73.50786770501743,-163.82915839299852,-29.967260840954083,-56.08168577155988,-12.60361478301122,-128.68402169302175,-54.19552216459281,-61.0370271961062,48.52321571602281,70,-0.017208908856355953,-0.12056457586320793,-0.18301518144091428,-0.2663783898600628,-0.5574208264184043,-1.1458129829179144,-1.5958049547058104,-2.5269464632408596,-2.8817093258689495,-4.196706315052418,-1.3491567924224896,1.3560712830091282
82,3.854422163963318,1.304557005944705,0.04909572601318359,0.01618757197899308,3.1,0.01,3,15,100,"{'gamma': 3.1, 'learning_rate': 0.01, 'max_depth': 3, 'min_child_weight': 15, 'n_estimators': 100}",-68.9107438209005,-16.130080495018216,-65.75586753312798,-193.13506857836796,-394.28003813942604,-270.70488789034846,-601.8888571758143,-247.6122866802795,-1249.7343503373372,-1070.5381646785765,-417.8690345329197,407.5164282434079,100,-0.12404848986510401,-3.8212960728201546,-6.023060892312402,-9.54598437143349,-19.85774203674229,-38.714732510440825,-56.93656754836604,-94.01726307630878,-105.6622548456177,-165.9860380760906,-50.068898791999736,52.690730074047146
83,10.493813848495483,4.218488788418061,0.041653227806091306,0.012018153437879589,3.1,0.01,3,15,300,"{'gamma': 3.1, 'learning_rate': 0.01, 'max_depth': 3, 'min_child_weight': 15, 'n_estimators': 300}",-64.29385209957235,-0.2962082462511556,-26.91188810638833,-73.50786770501743,-163.82915839299852,-29.967260840954083,-56.08168577155988,-12.60361478301122,-128.68402169302175,-54.19552216459281,-61.037107980336756,48.52311459038106,72,-0.017208908856355953,-0.1206185297998758,-0.18301518144091428,-0.2663783898600628,-0.5574208264184043,-1.1458129829179144,-1.5958049547058104,-2.5269464632408596,-2.8817093258689495,-4.196706315052418,-1.3491621878161564,1.3560663949035412
84,2.4272921085357666,1.0214423419768504,0.048974609375,0.02976778595570931,3.1,0.08499999999999999,2,5,100,"{'gamma': 3.1, 'learning_rate': 0.08499999999999999, 'max_depth': 2, 'min_child_weight': 5, 'n_estimators': 100}",-64.15518251469005,-0.8705876780116248,-22.907736308670064,-56.993088482325085,-133.93655896531226,-15.21874124329857,-23.54540247968052,-3.861996244914012,-48.974551290985175,-11.083047404717831,-38.154689261260515,38.2008799336612,21,-0.016513773715852633,-0.04374036524386592,-0.06731174599350201,-0.08082053810087375,-0.15811154485135462,-0.3407395128314036,-0.41978695968313967,-0.6850171026758558,-0.7601644890780423,-0.9466373387375365,-0.35188433709114275,0.32180232878998144
85,5.0448933124542235,2.3130462325177232,0.03762946128845215,0.0061327717598111745,3.1,0.08499999999999999,2,5,300,"{'gamma': 3.1, 'learning_rate': 0.08499999999999999, 'max_depth': 2, 'min_child_weight': 5, 'n_estimators': 300}",-64.15518251469005,-0.8705876780116248,-22.907736308670064,-56.993088482325085,-133.93655896531226,-15.548131517958298,-24.450061056834592,-3.769758973725075,-47.71646787105054,-9.921377511315903,-38.02689508798935,38.20632435997052,16,-0.016513773715852633,-0.04374036524386592,-0.06731174599350201,-0.08082053810087375,-0.15811154485135462,-0.33315418813202563,-0.40188869041853187,-0.6367614489271856,-0.7092777358344795,-0.8779876584833756,-0.33255676897010467,0.2973577945731752
86,2.3272391080856325,1.0465594731436787,0.04096930027008057,0.013765269283621486,3.1,0.08499999999999999,2,10,100,"{'gamma': 3.1, 'learning_rate': 0.08499999999999999, 'max_depth': 2, 'min_child_weight': 10, 'n_estimators': 100}",-64.15518251469005,-0.8705876780116248,-22.907736308670064,-56.993088482325085,-133.6670179645937,-15.500860866768052,-22.12798431477267,-3.884292071000082,-48.93155953205222,-11.195199854328544,-38.02335095872122,38.162001407868864,15,-0.016513773715852633,-0.04374036524386592,-0.06731174599350201,-0.08082053810087375,-0.1586956140014775,-0.34424479753833753,-0.4230477294979786,-0.685817426106179,-0.7606049244478182,-0.9465718412995445,-0.352736875594543,0.32195302833098344
87,5.071610331535339,2.5054531501179302,0.03820395469665527,0.00677666130069197,3.1,0.08499999999999999,2,10,300,"{'gamma': 3.1, 'learning_rate': 0.08499999999999999, 'max_depth': 2, 'min_child_weight': 10, 'n_estimators': 300}",-64.15518251469005,-0.8705876780116248,-22.907736308670064,-56.993088482325085,-133.6670179645937,-15.236140474490341,-22.362861704705846,-3.790834050324142,-47.69677932237524,-10.750153411078717,-37.843038191126475,38.1741990344327,5,-0.016513773715852633,-0.04374036524386592,-0.06731174599350201,-0.08082053810087375,-0.1586956140014775,-0.33299782913591974,-0.4067716742386231,-0.6491219046477033,-0.7244222152345962,-0.8799217803956657,-0.336031744070808,0.3010015953907715
88,2.399467206001282,1.14722397774107,0.046859908103942874,0.01847036303022064,3.1,0.08499999999999999,2,15,100,"{'gamma': 3.1, 'learning_rate': 0.08499999999999999, 'max_depth': 2, 'min_child_weight': 15, 'n_estimators': 100}",-64.15518251469005,-0.8705876780116248,-22.66458528343986,-56.993088482325085,-133.33519471974057,-15.194965350410113,-23.80925473843399,-3.8374180227725443,-51.11344293438748,-11.12991246447681,-38.310363218868815,38.116831110301426,25,-0.016513773715852633,-0.04374036524386592,-0.06732338591578993,-0.08082053810087375,-0.1578300933943428,-0.34510150968818837,-0.425443593442346,-0.6889862748780984,-0.7630976395355753,-0.947647316256669,-0.3536504490171602,0.322897366520447
89,5.116541838645935,2.2832637652969727,0.04089491367340088,0.009603636775858031,3.1,0.08499999999999999,2,15,300,"{'gamma': 3.1, 'learning_rate': 0.08499999999999999, 'max_depth': 2, 'min_child_weight': 15, 'n_estimators': 300}",-64.15518251469005,-0.8705876780116248,-22.66458528343986,-56.993088482325085,-133.33519471974057,-14.951504767715312,-26.869101616464423,-3.7888505931114187,-49.74413690119848,-10.644117199919071,-38.401634975661594,38.02313411918716,27,-0.016513773715852633,-0.04374036524386592,-0.06732338591578993,-0.08082053810087375,-0.1578300933943428,-0.3355745991722821,-0.40369475629194695,-0.6472348943796287,-0.724206125381762,-0.8803943341720435,-0.3357332865768388,0.30084111009312825
90,3.2245660781860352,1.5296998086938474,0.048054051399230954,0.019500741376575936,3.1,0.08499999999999999,3,5,100,"{'gamma': 3.1, 'learning_rate': 0.08499999999999999, 'max_depth': 3, 'min_child_weight': 5, 'n_estimators': 100}",-64.18009417419178,-0.5585401268626118,-23.04802226054731,-57.26518896956626,-135.65168586208333,-18.082535542264196,-24.316964031290887,-3.926202727862524,-54.37605804069331,-11.273560304136689,-39.26788520394989,38.638294728955366,51,-0.016610580229623625,-0.04107740695137352,-0.06337513397315978,-0.07415062969928216,-0.13625911146682734,-0.28123133003152834,-0.332263117747179,-0.5326544395219514,-0.6248293872872839,-0.7707774278074895,-0.28732285647156985,0.2573364517437027
91,5.78718843460083,2.6722801712897066,0.04770143032073974,0.029868603608716675,3.1,0.08499999999999999,3,5,300,"{'gamma': 3.1, 'learning_rate': 0.08499999999999999, 'max_depth': 3, 'min_child_weight': 5, 'n_estimators': 300}",-64.18009417419178,-0.5585401268626118,-23.04802226054731,-57.26518896956626,-135.65168586208333,-18.082535542264196,-24.316964031290887,-3.9390529089015835,-53.303094497709594,-11.460173161566177,-39.18053515349837,38.58304109616645,43,-0.016610580229623625,-0.04107740695137352,-0.06337513397315978,-0.07415062969928216,-0.13625977638219355,-0.28123133003152834,-0.33226400653913624,-0.5208980951898479,-0.6045791468039052,-0.7412453268506048,-0.2811691432650655,0.24804630204401293
92,3.259993243217468,1.4224696696338128,0.044190716743469236,0.004339797876021149,3.1,0.08499999999999999,3,10,100,"{'gamma': 3.1, 'learning_rate': 0.08499999999999999, 'max_depth': 3, 'min_child_weight': 10, 'n_estimators': 100}",-64.18009417419178,-0.5585401268626118,-23.04802226054731,-57.26518896956626,-136.48370187810175,-17.349267552491856,-22.669245130055085,-3.939232438196526,-55.546451725040285,-11.648451419857683,-39.268819567491114,38.972827278159734,52,-0.016610580229623625,-0.04107740695137352,-0.06337513397315978,-0.07415062969928216,-0.13670082199227773,-0.28070656129681276,-0.34045199409037097,-0.5399320795432971,-0.6315529482676315,-0.7774801358217672,-0.2902038291865597,0.2602973973428061
93,5.983337783813477,2.741247892874706,0.0431941032409668,0.008008611457964391,3.1,0.08499999999999999,3,10,300,"{'gamma': 3.1, 'learning_rate': 0.08499999999999999, 'max_depth': 3, 'min_child_weight': 10, 'n_estimators': 300}",-64.18009417419178,-0.5585401268626118,-23.04802226054731,-57.26518896956626,-136.48370187810175,-17.349267552491856,-22.669245130055085,-3.96318383603007,-55.296869371203165,-11.510140420821523,-39.23242537198714,38.970122152804436,48,-0.016610580229623625,-0.04107740695137352,-0.06337513397315978,-0.07415062969928216,-0.1367010413969846,-0.2807071499877328,-0.34045199409037097,-0.5282952001329929,-0.6168446930743773,-0.7513475543199081,-0.2849561383855806,0.25238572869430687
94,3.284681248664856,1.6231693427477485,0.04689669609069824,0.022669310724576067,3.1,0.08499999999999999,3,15,100,"{'gamma': 3.1, 'learning_rate': 0.08499999999999999, 'max_depth': 3, 'min_child_weight': 15, 'n_estimators': 100}",-64.18009417419178,-0.5585401268626118,-23.18139478764299,-57.26518896956626,-137.2553750487147,-16.6991427621066,-23.824267276734474,-3.7504206189617597,-53.92569083886635,-11.687770821529938,-39.232788542517746,39.10000416004273,49,-0.016610580229623625,-0.04107740695137352,-0.06357185776802196,-0.07415062969928216,-0.13835895221177766,-0.2917221469714145,-0.3425135193475295,-0.5472023847130795,-0.6345428612880719,-0.7817635071461151,-0.2931513846326289,0.2620907121554152
95,5.79695074558258,2.8405979736147486,0.04473741054534912,0.01693191831750241,3.1,0.08499999999999999,3,15,300,"{'gamma': 3.1, 'learning_rate': 0.08499999999999999, 'max_depth': 3, 'min_child_weight': 15, 'n_estimators': 300}",-64.18009417419178,-0.5585401268626118,-23.18139478764299,-57.26518896956626,-137.2553750487147,-16.6991427621066,-23.824267276734474,-3.7481715405580447,-52.186810126471656,-11.926770719502848,-39.082575553235195,39.02160059435548,40,-0.016610580229623625,-0.04107740695137352,-0.06357185776802196,-0.07415062969928216,-0.13835951001294958,-0.29172269087000824,-0.3425135193475295,-0.5355099468223666,-0.6192236075226236,-0.7605538213647718,-0.2883293570588551,0.25502483566692863
96,2.5679800033569338,1.0809149704608476,0.04679872989654541,0.015495561128758472,4.1,0.01,2,5,100,"{'gamma': 4.1, 'learning_rate': 0.01, 'max_depth': 2, 'min_child_weight': 5, 'n_estimators': 100}",-69.67099198586115,-18.449869994970253,-73.50594976131663,-214.0898106259971,-449.4047853330725,-324.19424886325913,-824.7495652726503,-287.5566816381564,-1749.3379052284681,-1447.681374279039,-545.864118298279,574.690124396423,106,-0.13224010448708118,-4.228591892180874,-6.533852018442602,-10.615008125081038,-22.085800080092405,-45.037689483865314,-67.83113329253575,-109.91694336167787,-123.774762734659,-190.02328865939873,-58.017930975242066,60.94298991184466
97,6.886844778060913,3.1153886712406824,0.035204076766967775,0.008178947374087595,4.1,0.01,2,5,300,"{'gamma': 4.1, 'learning_rate': 0.01, 'max_depth': 2, 'min_child_weight': 5, 'n_estimators': 300}",-64.65770695149693,-0.4587541441733265,-31.592600289203816,-86.75073850948964,-191.16568382232998,-50.08165230588851,-108.67569499677651,-21.006082479692505,-275.88690030861045,-115.81873153904407,-94.60945453467056,80.01677122042355,88,-0.019815507432634664,-0.17890820090812473,-0.2482438310382438,-0.39732243371106124,-0.8419228502138935,-1.8997195543847467,-2.7604454940311753,-4.144183932439431,-4.8173153080900235,-6.920261110616013,-2.222813822286535,2.259458052460323
98,2.5230026960372927,0.9404486647934417,0.04379913806915283,0.023935996225527334,4.1,0.01,2,10,100,"{'gamma': 4.1, 'learning_rate': 0.01, 'max_depth': 2, 'min_child_weight': 10, 'n_estimators': 100}",-69.67099198586115,-18.449869994970253,-73.50594976131663,-214.0898106259971,-449.4047853330725,-324.19424886325913,-824.7495652726503,-287.5566816381564,-1749.3379052284681,-1447.681374279039,-545.864118298279,574.690124396423,106,-0.13224010448708118,-4.228591892180874,-6.533852018442602,-10.615008125081038,-22.085800080092405,-45.037689483865314,-67.83113329253575,-109.91694336167787,-123.774762734659,-190.02328865939873,-58.017930975242066,60.94298991184466
99,6.90747480392456,2.878185133042615,0.043073081970214845,0.007754589639485904,4.1,0.01,2,10,300,"{'gamma': 4.1, 'learning_rate': 0.01, 'max_depth': 2, 'min_child_weight': 10, 'n_estimators': 300}",-64.65770695149693,-0.4587541441733265,-31.592600289203816,-86.75073850948964,-191.16568382232998,-50.08165230588851,-108.67569499677651,-21.006082479692505,-275.88690030861045,-115.81873153904407,-94.60945453467056,80.01677122042355,88,-0.019815507432634664,-0.17890820090812473,-0.2482438310382438,-0.39732243371106124,-0.8419228502138935,-1.8997195543847467,-2.7604454940311753,-4.144183932439431,-4.8173153080900235,-6.920261110616013,-2.222813822286535,2.259458052460323
100,2.386287212371826,0.8510366011916499,0.03754265308380127,0.005456126982197017,4.1,0.01,2,15,100,"{'gamma': 4.1, 'learning_rate': 0.01, 'max_depth': 2, 'min_child_weight': 15, 'n_estimators': 100}",-69.67099198586115,-18.449869994970253,-73.50594976131663,-214.0898106259971,-449.4047853330725,-324.19424886325913,-824.7495652726503,-287.5566816381564,-1749.3379052284681,-1447.681374279039,-545.864118298279,574.690124396423,106,-0.13224010448708118,-4.228591892180874,-6.533852018442602,-10.615008125081038,-22.085800080092405,-45.037689483865314,-67.83113329253575,-109.91694336167787,-123.774762734659,-190.02328865939873,-58.017930975242066,60.94298991184466
101,6.403797578811646,2.2590343021879913,0.05205700397491455,0.02784323503038247,4.1,0.01,2,15,300,"{'gamma': 4.1, 'learning_rate': 0.01, 'max_depth': 2, 'min_child_weight': 15, 'n_estimators': 300}",-64.65770695149693,-0.4587541441733265,-31.592600289203816,-86.75073850948964,-191.16568382232998,-50.08165230588851,-108.67569499677651,-21.006082479692505,-275.88690030861045,-115.81873153904407,-94.60945453467056,80.01677122042355,88,-0.019815507432634664,-0.17890820090812473,-0.2482438310382438,-0.39732243371106124,-0.8419228502138935,-1.8997195543847467,-2.7604454940311753,-4.144183932439431,-4.8173153080900235,-6.920261110616013,-2.222813822286535,2.259458052460323
102,3.7934117794036863,1.1999085002336751,0.05820624828338623,0.03576025279859057,4.1,0.01,3,5,100,"{'gamma': 4.1, 'learning_rate': 0.01, 'max_depth': 3, 'min_child_weight': 5, 'n_estimators': 100}",-69.03197525058657,-16.130098427355307,-65.75586753312798,-193.13506857836796,-394.28003813942604,-270.70488789034846,-601.8888571758143,-247.6122866802795,-1249.7343503373372,-1070.5381646785765,-417.88115946912194,407.5060468602105,103,-0.12554933742535637,-3.8212968103878104,-6.023060892312402,-9.54598437143349,-19.85774203674229,-38.714732510440825,-56.93656754836604,-94.01726307630878,-105.6622548456177,-165.9860380760906,-50.06904895051253,52.690587747673796
103,10.840046763420105,3.7565170237023082,0.06338725090026856,0.02798613102189315,4.1,0.01,3,5,300,"{'gamma': 4.1, 'learning_rate': 0.01, 'max_depth': 3, 'min_child_weight': 5, 'n_estimators': 300}",-64.675381549969,-0.29085801191688126,-26.91814265888818,-73.50786770501743,-163.82915839299852,-29.967260840954083,-56.08168577155988,-12.60361478301122,-128.68402169302175,-54.19552216459281,-61.07535135719297,48.52604009204078,73,-0.01985446790539121,-0.12209487186596232,-0.1837761498619912,-0.2663783898600628,-0.5574208264184043,-1.1458129829179144,-1.5958049547058104,-2.5269464632408596,-2.8817093258689495,-4.196706315052418,-1.3496504747697764,1.3556075472536189
104,3.913481068611145,1.4449678922653562,0.0478989839553833,0.01990126976668634,4.1,0.01,3,10,100,"{'gamma': 4.1, 'learning_rate': 0.01, 'max_depth': 3, 'min_child_weight': 10, 'n_estimators': 100}",-69.03197525058657,-16.130098427355307,-65.75586753312798,-193.13506857836796,-394.28003813942604,-270.70488789034846,-601.8888571758143,-247.6122866802795,-1249.7343503373372,-1070.5381646785765,-417.88115946912194,407.5060468602105,103,-0.12554933742535637,-3.8212968103878104,-6.023060892312402,-9.54598437143349,-19.85774203674229,-38.714732510440825,-56.93656754836604,-94.01726307630878,-105.6622548456177,-165.9860380760906,-50.06904895051253,52.690587747673796
105,11.88854796886444,4.841407038183982,0.06564803123474121,0.036454365198470486,4.1,0.01,3,10,300,"{'gamma': 4.1, 'learning_rate': 0.01, 'max_depth': 3, 'min_child_weight': 10, 'n_estimators': 300}",-64.675381549969,-0.29085801191688126,-26.91814265888818,-73.50786770501743,-163.82915839299852,-29.967260840954083,-56.08168577155988,-12.60361478301122,-128.68402169302175,-54.19552216459281,-61.07535135719297,48.52604009204078,73,-0.01985446790539121,-0.12209487186596232,-0.1837761498619912,-0.2663783898600628,-0.5574208264184043,-1.1458129829179144,-1.5958049547058104,-2.5269464632408596,-2.8817093258689495,-4.196706315052418,-1.3496504747697764,1.3556075472536189
106,4.207590937614441,1.6504578050400518,0.04989128112792969,0.01577806025749726,4.1,0.01,3,15,100,"{'gamma': 4.1, 'learning_rate': 0.01, 'max_depth': 3, 'min_child_weight': 15, 'n_estimators': 100}",-69.03197525058657,-16.130098427355307,-65.75586753312798,-193.13506857836796,-394.28003813942604,-270.70488789034846,-601.8888571758143,-247.6122866802795,-1249.7343503373372,-1070.5381646785765,-417.88115946912194,407.5060468602105,103,-0.12554933742535637,-3.8212968103878104,-6.023060892312402,-9.54598437143349,-19.85774203674229,-38.714732510440825,-56.93656754836604,-94.01726307630878,-105.6622548456177,-165.9860380760906,-50.06904895051253,52.690587747673796
107,11.379430794715882,4.000566732961754,0.05826215744018555,0.033766654016891544,4.1,0.01,3,15,300,"{'gamma': 4.1, 'learning_rate': 0.01, 'max_depth': 3, 'min_child_weight': 15, 'n_estimators': 300}",-64.675381549969,-0.29085801191688126,-26.91814265888818,-73.50786770501743,-163.82915839299852,-29.967260840954083,-56.08168577155988,-12.60361478301122,-128.68402169302175,-54.19552216459281,-61.07535135719297,48.52604009204078,73,-0.01985446790539121,-0.12209487186596232,-0.1837761498619912,-0.2663783898600628,-0.5574208264184043,-1.1458129829179144,-1.5958049547058104,-2.5269464632408596,-2.8817093258689495,-4.196706315052418,-1.3496504747697764,1.3556075472536189
108,2.5493438720703123,1.2699480154879115,0.056341004371643064,0.03888070378251841,4.1,0.08499999999999999,2,5,100,"{'gamma': 4.1, 'learning_rate': 0.08499999999999999, 'max_depth': 2, 'min_child_weight': 5, 'n_estimators': 100}",-64.5527213398962,-0.8531104862203479,-23.020246966943898,-57.41893692575327,-132.85898716966375,-15.478324425038174,-24.12582072543941,-3.861996244914012,-48.974551290985175,-11.083047404717831,-38.22277429795721,37.93974541430249,24,-0.019303746551688122,-0.04556678727979307,-0.06888605471733551,-0.08189597626833899,-0.1614931061470926,-0.34140336328127646,-0.41955942336981805,-0.6850171026758558,-0.7601644890780423,-0.9467041823080207,-0.35299942316772615,0.32090948231149924
109,5.184336400032043,2.3906991404614817,0.03578107357025147,0.007400199131407595,4.1,0.08499999999999999,2,5,300,"{'gamma': 4.1, 'learning_rate': 0.08499999999999999, 'max_depth': 2, 'min_child_weight': 5, 'n_estimators': 300}",-64.5527213398962,-0.8531104862203479,-23.020246966943898,-57.41893692575327,-132.85898716966375,-15.478324425038174,-24.963786280997457,-3.7865099019643687,-46.19488723229495,-10.193078401827059,-37.93205891305995,37.911371011002814,8,-0.019303746551688122,-0.04556678727979307,-0.06888605471733551,-0.08189597626833899,-0.1614931061470926,-0.34140336328127646,-0.41044076204191987,-0.6599753759334382,-0.7302329986147583,-0.8962939322403832,-0.34154921030760244,0.30505589923710674
110,2.429343414306641,1.0848297789874524,0.04323489665985107,0.006517640641796672,4.1,0.08499999999999999,2,10,100,"{'gamma': 4.1, 'learning_rate': 0.08499999999999999, 'max_depth': 2, 'min_child_weight': 10, 'n_estimators': 100}",-64.5527213398962,-0.8531104862203479,-23.020246966943898,-57.41893692575327,-133.26785462701352,-15.500860866768052,-22.12798431477267,-3.8796919681679363,-48.93155953205222,-11.195199854328544,-38.07481668819167,38.108606038156594,18,-0.019303746551688122,-0.04556678727979307,-0.06888605471733551,-0.08189597626833899,-0.16170779303902338,-0.34424479753833753,-0.4230477294979786,-0.685450173035655,-0.7606049244478182,-0.9465718412995445,-0.3537279823675513,0.3210373288333398
111,5.353842115402221,2.561011133605738,0.04555799961090088,0.01516507361722421,4.1,0.08499999999999999,2,10,300,"{'gamma': 4.1, 'learning_rate': 0.08499999999999999, 'max_depth': 2, 'min_child_weight': 10, 'n_estimators': 300}",-64.5527213398962,-0.8531104862203479,-23.020246966943898,-57.41893692575327,-133.26785462701352,-15.501085702755436,-22.46993347442559,-3.816319815149029,-48.716596556625824,-10.49678611689861,-38.01135920116817,38.14389816964299,14,-0.019303746551688122,-0.04556678727979307,-0.06888605471733551,-0.08189597626833899,-0.16170779303902338,-0.3436349915417914,-0.41188365171454455,-0.6627826725985815,-0.737452912220908,-0.901806727387717,-0.34349213133197215,0.3072927539042432
112,2.39650502204895,0.9539046468237641,0.05079891681671143,0.022633383224634623,4.1,0.08499999999999999,2,15,100,"{'gamma': 4.1, 'learning_rate': 0.08499999999999999, 'max_depth': 2, 'min_child_weight': 15, 'n_estimators': 100}",-64.5527213398962,-0.8531104862203479,-23.020246966943898,-57.41893692575327,-133.3875738493058,-15.194965350410113,-23.80925473843399,-3.8374180227725443,-51.11344293438748,-11.12991246447681,-38.43175830786005,38.16522562413607,29,-0.019303746551688122,-0.04556678727979307,-0.06888605471733551,-0.08189597626833899,-0.16179051621646673,-0.34510150968818837,-0.425443593442346,-0.6889862748780984,-0.7630976395355753,-0.947647316256669,-0.3547719414834499,0.3219625609181073
113,5.4210103988647464,2.465703221986624,0.042778396606445314,0.010759357317523364,4.1,0.08499999999999999,2,15,300,"{'gamma': 4.1, 'learning_rate': 0.08499999999999999, 'max_depth': 2, 'min_child_weight': 15, 'n_estimators': 300}",-64.5527213398962,-0.8531104862203479,-23.020246966943898,-57.41893692575327,-133.3875738493058,-15.194965350410113,-25.462912574192167,-3.7995175548435096,-49.42518949544868,-10.793337511301552,-38.39085120543155,38.08063382655734,26,-0.019303746551688122,-0.04556678727979307,-0.06888605471733551,-0.08189597626833899,-0.16179051621646673,-0.34510150968818837,-0.41438658752175284,-0.6667407978058595,-0.7361067227903741,-0.8935355034402874,-0.34333142022800844,0.3060924903992961
114,3.4767231941223145,1.5477427857481734,0.05167598724365234,0.028065458739907866,4.1,0.08499999999999999,3,5,100,"{'gamma': 4.1, 'learning_rate': 0.08499999999999999, 'max_depth': 3, 'min_child_weight': 5, 'n_estimators': 100}",-64.5815618039138,-0.4975306401606381,-23.302513212265787,-57.77041505139853,-135.04828989761938,-18.699372096818596,-23.866446476191616,-3.9239360995602475,-54.2485067078541,-11.993804578063603,-39.393237656384635,38.46120824903355,57,-0.019001151527996165,-0.043471007852685664,-0.06584785640007837,-0.07566915870500394,-0.14057848352416433,-0.2848237020183194,-0.33871444435877596,-0.5418053410206454,-0.6242422531612629,-0.7691621805848432,-0.2903315579153775,0.2568744057219504
115,5.44598274230957,2.3531963345683935,0.04749755859375,0.01612569517404348,4.1,0.08499999999999999,3,5,300,"{'gamma': 4.1, 'learning_rate': 0.08499999999999999, 'max_depth': 3, 'min_child_weight': 5, 'n_estimators': 300}",-64.5815618039138,-0.4975306401606381,-23.302513212265787,-57.77041505139853,-135.04828989761938,-18.699372096818596,-23.866446476191616,-3.9239360995602475,-54.007741417805725,-11.942452488233842,-39.36402591839682,38.455634491494884,56,-0.019001151527996165,-0.04347125699414095,-0.06584785640007837,-0.07566915870500394,-0.14057925935472165,-0.28482443414398884,-0.33871444435877596,-0.5418053410206454,-0.6230107518277082,-0.757365382497635,-0.28902890368306944,0.2545286216506763
116,3.3093544244766235,1.579233827025194,0.05144956111907959,0.02063887706321663,4.1,0.08499999999999999,3,10,100,"{'gamma': 4.1, 'learning_rate': 0.08499999999999999, 'max_depth': 3, 'min_child_weight': 10, 'n_estimators': 100}",-64.5815618039138,-0.4975306401606381,-23.284169377611097,-57.77041505139853,-137.99335783068398,-17.43805996302605,-22.498140122034417,-3.9586903827093027,-55.355599573943444,-11.391577658699152,-39.476910240418036,39.40613577120905,59,-0.019001151527996165,-0.043471007852685664,-0.0657043176789311,-0.07566915870500394,-0.14150112435416562,-0.28646777833919745,-0.34622966445819514,-0.5439407302279962,-0.6342205761930348,-0.7798155597541245,-0.2936021069091331,0.2604712231096225
117,6.13407838344574,2.898509625258935,0.05194730758666992,0.01250447233661522,4.1,0.08499999999999999,3,10,300,"{'gamma': 4.1, 'learning_rate': 0.08499999999999999, 'max_depth': 3, 'min_child_weight': 10, 'n_estimators': 300}",-64.5815618039138,-0.4975306401606381,-23.284169377611097,-57.77041505139853,-137.99335783068398,-17.43805996302605,-22.498140122034417,-3.9586903827093027,-55.054756126032906,-11.424085596915342,-39.4500766894486,39.391800841715465,58,-0.019001151527996165,-0.04347125699414095,-0.0657043176789311,-0.07566915870500394,-0.14150156748771783,-0.286468780310106,-0.34622966445819514,-0.5439407302279962,-0.6335943700325428,-0.7693425678630427,-0.2924923565285673,0.2584452076005954
118,3.2424442768096924,1.359594246135734,0.04167165756225586,0.0068212501641984466,4.1,0.08499999999999999,3,15,100,"{'gamma': 4.1, 'learning_rate': 0.08499999999999999, 'max_depth': 3, 'min_child_weight': 15, 'n_estimators': 100}",-64.5815618039138,-0.4975306401606381,-23.25783781881509,-57.77041505139853,-137.84130334026648,-16.85681385378447,-23.28561808554109,-3.8239424114616294,-52.73491237813192,-11.533226948286453,-39.218316233176004,39.27316665070454,47,-0.019001151527996165,-0.043471007852685664,-0.06572195514711832,-0.07566915870500394,-0.1430445797433307,-0.2933035657054084,-0.35041937161308306,-0.5499656095254917,-0.6319394914425929,-0.7822378847836422,-0.29547737760463527,0.26119254063561903
119,4.508130717277527,1.2236477498993914,0.042137885093688966,0.03018445242884368,4.1,0.08499999999999999,3,15,300,"{'gamma': 4.1, 'learning_rate': 0.08499999999999999, 'max_depth': 3, 'min_child_weight': 15, 'n_estimators': 300}",-64.5815618039138,-0.4975306401606381,-23.25783781881509,-57.77041505139853,-137.84130334026648,-16.85681385378447,-23.28561808554109,-3.8239424114616294,-52.55845215258685,-11.668286424665874,-39.21417615825944,39.25763218162542,46,-0.019001151527996165,-0.04347125699414095,-0.06572195514711832,-0.07566915870500394,-0.1430451075556882,-0.29330440388029416,-0.35041937161308306,-0.5499656095254917,-0.6284777849628237,-0.7726239875996439,-0.2941699787511284,0.2589620943549323
